<?xml version="1.0" encoding="UTF-8" ?>
<!DOCTYPE mapper
        PUBLIC "-//mybatis.org//DTD Mapper 3.0//EN"
        "http://mybatis.org/dtd/mybatis-3-mapper.dtd">
<mapper namespace="comm.Dao.ScoreDao">

    <select id="getAllScores" resultType="comm.entity.Score">
        SELECT * FROM score
    </select>

    <insert id="addScore" parameterType="comm.entity.Score">
        INSERT INTO score(student_name, subject, score)
        VALUES (#{studentName}, #{subject}, #{score})
    </insert>

    <update id="updateScore" parameterType="comm.entity.Score">
        UPDATE score SET
        student_name = #{studentName},
        subject = #{subject},
        score = #{score}
        WHERE id = #{id}
    </update>

    <delete id="deleteScoreById" parameterType="int">
        DELETE FROM score WHERE id = #{id}
    </delete>

    <select id="getScoreById" parameterType="int" resultType="comm.entity.Score">
        SELECT * FROM score WHERE id = #{id}
    </select>
</mapper>
